team	teamname	longname	vseteamname42	Air Force	Air Force Academy	124	Akron	University of Akron	"University of Akron (Akron, OH) "51	Alabama	University of Alabama (Tuscaloosa)	"University of Alabama (Tuscaloosa, AL) "146	Alabama-Birmingham	University of Alabama Birmingham	"University of Alabama at Birmingham (Birmingham, AL) "83	Arizona	University of Arizona	"University of Arizona (Tucson, AZ) "112	Arizona State	Airzona State University	"Arizona State University Foundation (Tempe, AZ) "126	Arkansas	University of Arkansas (in Fayetteville)	"University of Arkansas (Fayetteville, AR) "75	Arkansas State	Arkansas State University	"Arkansas State University (State University, AR) "127	Army	United States Military Academy	84	Auburn	Auburn University	"Auburn University (Auburn, AL) "86	Ball State	Ball State University	"Ball State University (Muncie, IN) "88	Baylor	Baylor University	"Baylor University (Waco, TX) "92	Boise State	Boise State University	"Boise State University (Boise, ID) "34	Boston College	Boston College	"Boston College (Chestnut Hill, MA) "85	Bowling Green	Bowling Green State University	"Bowling Green State University (Bowling Green, OH) "33	Brigham Young	Brigham Young University	145	Buffalo	State University of New York at Buffalo	"SUNY-Buffalo (Buffalo, NY) "44	California	"University of California, Berkeley"	"Univ of California, Berkeley (Berkeley, CA) "142	Central Florida	University of Central Florida	"University of Central Florida (Orlando, FL) "141	Central Michigan	Central Michigan University	"Central Michigan University (Mt. Pleasant, MI) "46	Cincinnati	University of Cincinnati	"University of Cincinnati (Cincinnati, OH) "128	Clemson	Clemson University	"Clemson University (Clemson, SC) "90	Colorado	University of Colorado at Boulder	"University of Colorado Foundation (Boulder, CO) "89	Colorado State	Colorado State University	"Colorado State University (Fort Collins, CO) "144	Connecticut	University of Connecticut	"University of Connecticut Foundation (Storrs, CT) "95	Duke	Duke University	"Duke University (Durham, NC) "78	East Carolina	East Carolina University	"East Carolina University (Greenville, NC) "136	Eastern Michigan	Eastern Michigan University	"Eastern Michigan University (Ypsilanti, MI) "69	Florida	"University of Florida (Gainesville, Florida)"	"University of Florida (Gainesville, FL) "221	Florida Atlantic	Florida Atlantic University	"Florida Atlantic University (Boca Raton, FL) "230	Florida International	Florida International University	"Florida International University (Miami, FL) "47	Florida State	Florida State University	"Florida State University (Tallahassee, FL) "109	Fresno State	Fresno State University	"California State Univ., Fresno (Fresno, CA) "52	Georgia	University of Georgia	"University of Georgia (Athens, GA) "125	Georgia Tech	Georgia Institute of Technology	"Georgia Institute of Technology (Atlanta, GA) "50	Hawaii	University of Hawaii at Manoa	"University of Hawaii Foundation (Honolulu, HI) "96	Houston	University of Houston	"University of Houston (Houston, TX) "80	Idaho	University of Idaho	"University of Idaho (Moscow, ID) "72	Illinois	University of Illinois at Urbana-Champaign	"Univ of Illinois - Urbana-Champaign (Urbana, IL) "107	Indiana	Indiana University (Bloomington)	"Indiana University (Bloomington, IN) "133	Iowa	University of Iowa	"University of Iowa (Iowa City, IA) "101	Iowa State	Iowa State University	"Iowa State University (Ames, IA) "49	Kansas	University of Kansas	"University of Kansas (Lawrence, KS) "130	Kansas State	Kansas State University	"Kansas State University (Manhattan, KS) "123	Kent State	Kent State Unversity	"Kent State University (Kent, OH) "122	Kentucky	University of Kentucky	"University of Kentucky (Lexington, KY) "116	Louisiana State	Louisiana State University	"Louisiana State University - Baton Rouge (Baton Rouge, LA) "57	Louisiana Tech	Louisiana Tech University	"Louisiana Tech University (Ruston, LA) "61	Louisville	University of Louisville	"University of Louisville (Louisville, KY) "118	Marshall	Marshall University 	"Marshall University (Huntington, WV) "60	Maryland	"University of Maryland, College Park"	"University of Maryland College Park (College Park, MD) "37	Memphis	University of Memphis	"University of Memphis (Memphis, TN) "70	Miami	University of Miami	"University of Miami (Coral Gables, FL) "121	Miami (Ohio)	Miami University	"Miami University (Oxford, OH) "103	Michigan	University of Michigan	"University of Michigan (Ann Arbor, MI) "113	Michigan State	Michigan State University	"Michigan State University (East Lansing, MI) "143	Middle Tennessee St.	Middle Tennessee State University	"Middle Tennessee State University (Murfreesboro, TN) "140	Minnesota	University of Minnesota	"University of Minnesota (Minneapolis, MN) "77	Mississippi	University of Mississippi	"University of Mississippi (University, MS) "76	Mississippi State	Mississippi State University	"Mississippi State University (Mississippi State, MS) "119	Missouri	University of Missouri	"University of Missouri-Columbia (Columbia, MO) "66	Navy	United States Naval Academy	55	Nebraska	University of Nebraska- Lincoln	"University of Nebraska (Lincoln, NE) "135	Nevada	"University of Nevada, Reno"	"University of Nevada, Reno (Reno, NV) "63	New Mexico	University of New Mexico	"University of New Mexico (Albuquerque, NM) "74	New Mexico State	New Mexico State University	"New Mexico State University (Las Cruces, NM) "65	North Carolina	University of North Carolina at Chapel Hill	"Univ of North Carolina at Chapel Hill (Chapel Hill, NC) "79	North Carolina State	North Carolina State University	"North Carolina State Univ. at Raleigh (Raleigh, NC) "99	North Texas	University of North Texas	"University of North Texas (Denton, TX) "68	Northern Illinois	Northern Illinois University	"Northern Illinois University (DeKalb, IL) "94	Northwestern	Northwestern University	"Northwestern University (Evanston, IL) "102	Notre Dame	University of Notre Dame	"University of Notre Dame (Notre Dame, IN) "117	Ohio	Ohio University	"Ohio University (Athens, OH) "105	Ohio State	Ohio State U.	"Ohio State University (Columbus, OH) "139	Oklahoma	University of Oklahoma	"University of Oklahoma (Norman, OK) "53	Oklahoma State	Oklahoma State U.	"Oklahoma State University (Stillwater, OK) "39	Oregon	University of Oregon	"University of Oregon (Eugene, OR) "81	Oregon State	Oregon State University	"Oregon State University (Corvallis, OR) "59	Penn State	Penn State U.	"Pennsylvania State University (University Park, PA) "36	Pittsburgh	University of Pittspurgh	"University of Pittsburgh (Pittsburgh, PA) "35	Purdue	Purdue U.	"Purdue University (West Lafayette, IN) "98	Rice	Rice U.	"William Marsh Rice University (Houston, TX) "129	Rutgers	"Rutgers, The State University of New Jersey"	"Rutgers, The State University (New Brunswick, NJ) "132	San Diego State	San Diego State U.	"California State Univ., San Diego (San Diego, CA) "43	San Jose State	San Jose State U.	"San Jose State University (San Jose, CA) "161	South Carolina	University of South Carolina	"Univ. of South Carolina, Columbia (Columbia, SC) "204	South Florida	University of South Florida	"University of South Florida (Tampa, FL) "71	Southern California	University of Southern California	"University of Southern California (Los Angeles, CA) "73	Southern Methodist	Southern Methodist University	"Southern Methodist University (Dallas, TX) "58	Southern Mississippi	University of Southern Mississippi	"University of Southern Mississippi (Hattiesburg, MS) "106	Stanford	Stanford U.	"Stanford University (Stanford, CA) "104	Syracuse	Syracuse U.	"Syracuse University (Syracuse, NY) "56	Temple	Temple U.	"Temple University (Philadelphia, PA) "114	Tennessee	University of Tennessee- Knoxville	"University of Tennessee (Knoxville, TN) "131	Texas	The University of Texas at Austin	"Univ. of Texas at Austin (Austin, TX) "120	Texas A&M	Texas A&M University- College Station	"Texas A&M University (College Station, TX) "110	Texas Christian	Texas Christian University	"Texas Christian University (Fort Worth, TX) "41	Texas El Paso	The University of Texas at El Paso	"Univ. of Texas at El Paso (El Paso, TX) "64	Texas Tech	Texas Tech U.	"Texas Tech University (Lubbock, TX) "82	Toledo	University of Toledo	"University of Toledo (Toledo, OH) "196	Troy	Troy University	"Troy State University System (Troy, AL) "48	Tulane	Tulane U.	"Tulane University (New Orleans, LA) "97	Tulsa	U. of Tulsa	"University of Tulsa (Tulsa, OK) "91	UCLA	Univ. of Calif. At Los Angeles	"Univ of California, Los Angeles (Los Angeles, CA) "38	UL Lafayette	University of Louisiana at Lafayette	"University of Louisiana, Lafayette (Lafayette, LA) "137	UL Monroe	U. of Louisiana at Monroe	"University of Louisiana, Monroe (Monroe, LA) "108	UNLV	"University of Nevada, Las Vegas"	"University of Nevada, Las Vegas (Las Vegas, NV) "93	Utah	University of Utah	"University of Utah (Salt Lake City, UT) "100	Utah State	Utah State U.	"Utah State University (Logan, UT) "115	Vanderbilt	Vanderbilt U.	"Vanderbilt University (Nashville, TN) "134	Virginia	University of Virginia	"University of Virginia (Charlottesville, VA) "45	Virginia Tech	Virginia Polytechnic Institute and State U.	"Virginia Polytechnic Inst & St Univ (Blacksburg, VA) "138	Wake Forest	Wake Forest U.	"Wake Forest University (Winston-Salem, NC) "54	Washington	University of Washington	"University of Washington (Seattle, WA) "40	Washington State	Washington State U.	"Washington State University (Pullman, WA) "62	West Virginia	West Virginia U.	"West Virginia University Foundation, Inc. (Morgantown, WV) "189	Western Kentucky	Western Kentucky U.	"Western Kentucky University (Bowling Green, KY) "67	Western Michigan	Western Michigan U.	"Western Michigan University (Kalamazoo, MI) "111	Wisconsin	University of Wisconsin-Madison	"University of Wisconsin-Madison (Madison, WI) "87	Wyoming	University of Wyoming	"University of Wyoming Foundation (Laramie, WY) "